date,protocol,nct,status,accrual,target,screening
2026-10-07,10146,NCT03606967,Active,68,86,
2026-10-08,10146,NCT03606967,Active,68,86,
2026-10-09,10146,NCT03606967,Active,68,86,
2026-10-07,10204,NCT03816345,Active,117,300,
2026-10-08,10204,NCT03816345,Active,117,300,
2026-10-09,10204,NCT03816345,Active,117,300,
2026-10-07,10292,NCT03907475,Active,82,115,
2026-10-08,10292,NCT03907475,Active,82,115,
2026-10-09,10292,NCT03907475,Active,82,115,
2026-10-07,10299,NCT06223542,Active,5,95,
2026-10-08,10299,NCT06223542,Active,5,95,
2026-10-09,10299,NCT06223542,Active,5,95,
2026-10-07,10335,NCT04301076,Active,19,30,
2026-10-08,10335,NCT04301076,Active,19,30,
2026-10-09,10335,NCT04301076,Active,19,30,
2026-10-07,10355,NCT04585958,Active,42,55,
2026-10-08,10355,NCT04585958,Active,42,55,
2026-10-09,10355,NCT04585958,Active,42,55,
2026-10-07,10366,NCT04172532,Active,66,92,
2026-10-08,10366,NCT04172532,Active,66,92,
2026-10-09,10366,NCT04172532,Active,66,92,
2026-10-07,10397,NCT06311214,Active,34,135,144
2026-10-08,10397,NCT06311214,Active,34,135,145
2026-10-09,10397,NCT06311214,Active,35,135,146
2026-10-07,10422,NCT04633239,Active,32,62,
2026-10-08,10422,NCT04633239,Active,33,62,
2026-10-09,10422,NCT04633239,Active,33,62,
2026-10-07,10433,NCT04840589,Temporarily Closed to Accrual,27,36,
2026-10-08,10433,NCT04840589,Temporarily Closed to Accrual,27,36,
2026-10-09,10433,NCT04840589,Temporarily Closed to Accrual,27,36,
2026-10-07,10449,NCT05111561,Active,17,30,
2026-10-08,10449,NCT05111561,Active,17,30,
2026-10-09,10449,NCT05111561,Active,17,30,
2026-10-07,10466,NCT04981509,Active,32,42,33
2026-10-08,10466,NCT04981509,Active,32,42,33
2026-10-09,10466,NCT04981509,Active,32,42,33
2026-10-07,10479,NCT05687123,Active,8,24,
2026-10-08,10479,NCT05687123,Active,8,24,
2026-10-09,10479,NCT05687123,Active,8,24,
2026-10-07,10487,NCT05691465,Active,29,25,
2026-10-08,10487,NCT05691465,Active,29,25,
2026-10-09,10487,NCT05691465,Active,29,25,
2026-10-07,10492,NCT05172245,Active,28,46,
2026-10-08,10492,NCT05172245,Active,28,46,
2026-10-09,10492,NCT05172245,Active,28,46,
2026-10-07,10495,NCT05372614,Active,34,58,
2026-10-08,10495,NCT05372614,Active,34,58,
2026-10-09,10495,NCT05372614,Active,34,58,
2026-10-07,10499,NCT05053971,Active,31,30,
2026-10-08,10499,NCT05053971,Active,31,30,
2026-10-09,10499,NCT05053971,Active,31,30,
2026-10-07,10504,NCT05333458,Active,18,27,
2026-10-08,10504,NCT05333458,Active,18,27,
2026-10-09,10504,NCT05333458,Active,18,27,
2026-10-07,10505,NCT05432804,Active,53,84,
2026-10-08,10505,NCT05432804,Active,53,84,
2026-10-09,10505,NCT05432804,Active,54,84,
2026-10-07,10507,NCT05019716,Active,24,36,
2026-10-08,10507,NCT05019716,Active,24,36,
2026-10-09,10507,NCT05019716,Active,24,36,
2026-10-07,10508,NCT05272384,Active,27,32,
2026-10-08,10508,NCT05272384,Active,27,32,
2026-10-09,10508,NCT05272384,Active,27,32,
2026-10-07,10509,NCT05372640,Active,30,30,
2026-10-08,10509,NCT05372640,Active,30,30,
2026-10-09,10509,NCT05372640,Active,30,30,
2026-10-07,10522,NCT05685602,Temporarily Closed to Accrual,23,43,
2026-10-08,10522,NCT05685602,Temporarily Closed to Accrual,23,43,
2026-10-09,10522,NCT05685602,Temporarily Closed to Accrual,23,43,
2026-10-07,10525,NCT05422794,Active,24,57,
2026-10-08,10525,NCT05422794,Active,24,57,
2026-10-09,10525,NCT05422794,Active,24,57,
2026-10-07,10527,NCT05687136,Active,41,66,
2026-10-08,10527,NCT05687136,Active,41,66,
2026-10-09,10527,NCT05687136,Active,41,66,
2026-10-07,10528,NCT05687110,Active,24,43,
2026-10-08,10528,NCT05687110,Active,24,43,
2026-10-09,10528,NCT05687110,Active,24,43,
2026-10-07,10546,NCT05673200,Temporarily Closed to Accrual,17,24,
2026-10-08,10546,NCT05673200,Temporarily Closed to Accrual,17,24,
2026-10-09,10546,NCT05673200,Temporarily Closed to Accrual,17,24,
2026-10-07,10554,NCT06364410,Active,12,48,
2026-10-08,10554,NCT06364410,Active,12,48,
2026-10-09,10554,NCT06364410,Active,12,48,
2026-10-07,10563,NCT05711615,Active,33,30,
2026-10-08,10563,NCT05711615,Active,33,30,
2026-10-09,10563,NCT05711615,Active,33,30,
2026-10-07,10572,NCT05691491,Active,39,42,96
2026-10-08,10572,NCT05691491,Active,39,42,96
2026-10-09,10572,NCT05691491,Active,39,42,96
2026-10-07,10577,NCT05691517,Active,6,35,
2026-10-08,10577,NCT05691517,Active,6,35,
2026-10-09,10577,NCT05691517,Active,6,35,
2026-10-07,10579,NCT05803382,Active,25,30,
2026-10-08,10579,NCT05803382,Active,25,30,
2026-10-09,10579,NCT05803382,Active,25,30,
2026-10-07,10590,NCT05886036,Active,44,70,
2026-10-08,10590,NCT05886036,Active,44,70,
2026-10-09,10590,NCT05886036,Active,44,70,
2026-10-07,10596,NCT05886049,Active,30,38,
2026-10-08,10596,NCT05886049,Active,30,38,
2026-10-09,10596,NCT05886049,Active,31,38,
2026-10-07,10601,NCT06015880,Active,23,30,
2026-10-08,10601,NCT06015880,Active,23,30,
2026-10-09,10601,NCT06015880,Active,23,30,
2026-10-07,10605,NCT06102902,Active,20,30,
2026-10-08,10605,NCT06102902,Active,20,30,
2026-10-09,10605,NCT06102902,Active,20,30,
2026-10-07,10608,NCT06050252,Temporarily Closed to Accrual,20,27,
2026-10-08,10608,NCT06050252,Temporarily Closed to Accrual,20,27,
2026-10-09,10608,NCT06050252,Temporarily Closed to Accrual,20,27,
2026-10-07,10614,NCT05896839,Active,12,16,
2026-10-08,10614,NCT05896839,Active,12,16,
2026-10-09,10614,NCT05896839,Active,12,16,
2026-10-07,10620,NCT06465316,Active,15,26,
2026-10-08,10620,NCT06465316,Active,15,26,
2026-10-09,10620,NCT06465316,Active,15,26,
2026-10-07,10629,NCT06287775,Active,15,24,
2026-10-08,10629,NCT06287775,Active,15,24,
2026-10-09,10629,NCT06287775,Active,15,24,
2026-10-07,10630,NCT06514261,Temporarily Closed to Accrual,8,45,
2026-10-08,10630,NCT06514261,Temporarily Closed to Accrual,8,45,
2026-10-09,10630,NCT06514261,Temporarily Closed to Accrual,8,45,
2026-10-07,10636,NCT06439836,Active,14,27,
2026-10-08,10636,NCT06439836,Active,14,27,
2026-10-09,10636,NCT06439836,Active,14,27,
2026-10-07,10653,NCT06802523,Temporarily Closed to Accrual &Treatment,0,53,
2026-10-08,10653,NCT06802523,Temporarily Closed to Accrual &Treatment,0,53,
2026-10-09,10653,NCT06802523,Temporarily Closed to Accrual &Treatment,0,53,
2026-10-07,10655,NCT06696768,Active,14,24,
2026-10-08,10655,NCT06696768,Active,14,24,
2026-10-09,10655,NCT06696768,Active,14,24,
2026-10-07,10657,NCT06498648,Active,6,18,50
2026-10-08,10657,NCT06498648,Active,6,18,50
2026-10-09,10657,NCT06498648,Active,6,18,50
2026-10-07,10660,NCT07012031,Active,4,18,
2026-10-08,10660,NCT07012031,Active,4,18,
2026-10-09,10660,NCT07012031,Active,5,18,
2026-10-07,10664,NCT06965114,Active,1,18,
2026-10-08,10664,NCT06965114,Active,1,18,
2026-10-09,10664,NCT06965114,Active,1,18,
2026-10-07,10667,NCT06606990,Active,6,40,
2026-10-08,10667,NCT06606990,Active,6,40,
2026-10-09,10667,NCT06606990,Active,6,40,
2026-10-07,10670,NCT06654037,Active,15,30,
2026-10-08,10670,NCT06654037,Active,15,30,
2026-10-09,10670,NCT06654037,Active,15,30,
2026-10-07,10674,NCT06484062,Active,25,54,
2026-10-08,10674,NCT06484062,Active,25,54,
2026-10-09,10674,NCT06484062,Active,25,54,
2026-10-07,10675,NCT06661915,Active,12,78,
2026-10-08,10675,NCT06661915,Active,12,78,
2026-10-09,10675,NCT06661915,Active,13,78,
2026-10-07,10695,NCT06888323,Temporarily Closed to Accrual &Treatment,0,18,
2026-10-08,10695,NCT06888323,Temporarily Closed to Accrual &Treatment,0,18,
2026-10-09,10695,NCT06888323,Temporarily Closed to Accrual &Treatment,0,18,
2026-10-07,10699,NCT06860594,Active,10,30,
2026-10-08,10699,NCT06860594,Active,10,30,
2026-10-09,10699,NCT06860594,Active,10,30,
2026-10-07,10702,NCT07003295,Active,1,20,
2026-10-08,10702,NCT07003295,Active,1,20,
2026-10-09,10702,NCT07003295,Active,1,20,
2026-10-07,10703,NCT06811116,Active,5,18,
2026-10-08,10703,NCT06811116,Active,5,18,
2026-10-09,10703,NCT06811116,Active,5,18,
2026-10-07,10706,NCT06980038,Active,10,44,
2026-10-08,10706,NCT06980038,Active,10,44,
2026-10-09,10706,NCT06980038,Active,10,44,
2026-10-07,10708,NCT07061951,Active,3,20,
2026-10-08,10708,NCT07061951,Active,3,20,
2026-10-09,10708,NCT07061951,Active,3,20,
2026-10-07,10716,NCT07147231,Active,3,18,
2026-10-08,10716,NCT07147231,Active,3,18,
2026-10-09,10716,NCT07147231,Active,3,18,
2026-10-07,10717,NCT07069699,Active,0,36,
2026-10-08,10717,NCT07069699,Active,0,36,
2026-10-09,10717,NCT07069699,Active,0,36,
2026-10-07,10720,NCT07137416,Active,1,36,
2026-10-08,10720,NCT07137416,Active,1,36,
2026-10-09,10720,NCT07137416,Active,1,36,
2026-10-07,10721,NCT07281417,Active,1,108,
2026-10-08,10721,NCT07281417,Active,1,108,
2026-10-09,10721,NCT07281417,Active,1,108,
2026-10-07,10727,NCT07332507,Active,0,30,
2026-10-08,10727,NCT07332507,Active,0,30,
2026-10-09,10727,NCT07332507,Active,0,30,
2026-10-07,10732,NCT07156227,Active,0,30,
2026-10-08,10732,NCT07156227,Active,0,30,
2026-10-09,10732,NCT07156227,Active,0,30,
2026-10-07,10733,NCT07619521,Active,0,12,
2026-10-08,10733,NCT07619521,Active,0,12,
2026-10-09,10733,NCT07619521,Active,0,12,
2026-10-07,10741,NCT07551596,Active,0,20,
2026-10-08,10741,NCT07551596,Active,0,20,
2026-10-09,10741,NCT07551596,Active,0,20,
2026-10-07,10743,NCT07516366,Active,0,16,
2026-10-08,10743,NCT07516366,Active,0,16,
2026-10-09,10743,NCT07516366,Active,0,16,
2026-10-07,9846,NCT02474160,Active,,,
2026-10-08,9846,NCT02474160,Active,,,
2026-10-09,9846,NCT02474160,Active,,,
2026-10-07,A012103,NCT05812807,Active,1123,1295,
2026-10-08,A012103,NCT05812807,Active,1123,1295,
2026-10-09,A012103,NCT05812807,Active,1125,1295,
2026-10-07,A012303,NCT06876714,Active,267,1524,
2026-10-08,A012303,NCT06876714,Active,268,1524,
2026-10-09,A012303,NCT06876714,Active,268,1524,
2026-10-07,A021901,NCT04665739,Active,40,70,59
2026-10-08,A021901,NCT04665739,Active,40,70,59
2026-10-09,A021901,NCT04665739,Active,40,70,59
2026-10-07,A022101,NCT05673148,Active,65,146,
2026-10-08,A022101,NCT05673148,Active,65,146,
2026-10-09,A022101,NCT05673148,Active,65,146,
2026-10-07,A022102,NCT05677490,Active,309,382,
2026-10-08,A022102,NCT05677490,Active,309,382,
2026-10-09,A022102,NCT05677490,Active,309,382,
2026-10-07,A031702,NCT03866382,Active,222,314,
2026-10-08,A031702,NCT03866382,Active,222,314,
2026-10-09,A031702,NCT03866382,Active,222,314,
2026-10-07,A032102,NCT06632977,Active,39,474,
2026-10-08,A032102,NCT06632977,Active,39,474,
2026-10-09,A032102,NCT06632977,Active,40,474,
2026-10-07,A032103,NCT05987241,Active,346,992,518
2026-10-08,A032103,NCT05987241,Active,347,992,518
2026-10-09,A032103,NCT05987241,Active,347,992,518
2026-10-07,A032201,NCT06661720,Active,394,1040,
2026-10-08,A032201,NCT06661720,Active,396,1040,
2026-10-09,A032201,NCT06661720,Active,400,1040,
2026-10-07,A032302,NCT06931340,Active,45,1200,
2026-10-08,A032302,NCT06931340,Active,45,1200,
2026-10-09,A032302,NCT06931340,Active,45,1200,
2026-10-07,A032303,NCT07000084,Active,102,330,
2026-10-08,A032303,NCT07000084,Active,102,330,
2026-10-09,A032303,NCT07000084,Active,102,330,
2026-10-07,A032304,NCT07200830,Active,26,1524,
2026-10-08,A032304,NCT07200830,Active,26,1524,
2026-10-09,A032304,NCT07200830,Active,26,1524,
2026-10-07,A041501,NCT03150693,Active,301,303,
2026-10-08,A041501,NCT03150693,Active,301,303,
2026-10-09,A041501,NCT03150693,Active,301,303,
2026-10-07,A041703,NCT03739814,Active,67,84,
2026-10-08,A041703,NCT03739814,Active,67,84,
2026-10-09,A041703,NCT03739814,Active,67,84,
2026-10-07,A042302,NCT07321652,Active,48,466,
2026-10-08,A042302,NCT07321652,Active,48,466,
2026-10-09,A042302,NCT07321652,Active,49,466,
2026-10-07,A051902,NCT04803201,Active,136,182,
2026-10-08,A051902,NCT04803201,Active,137,182,
2026-10-09,A051902,NCT04803201,Active,137,182,
2026-10-07,A052101,NCT05976763,Active,252,421,
2026-10-08,A052101,NCT05976763,Active,252,421,
2026-10-09,A052101,NCT05976763,Active,252,421,
2026-10-07,A062101,NCT06232044,Temporarily Closed to Accrual,9,18,
2026-10-08,A062101,NCT06232044,Temporarily Closed to Accrual,9,18,
2026-10-09,A062101,NCT06232044,Temporarily Closed to Accrual,9,18,
2026-10-07,A062102,NCT06179888,Temporarily Closed to Accrual,14,84,
2026-10-08,A062102,NCT06179888,Temporarily Closed to Accrual,14,84,
2026-10-09,A062102,NCT06179888,Temporarily Closed to Accrual,14,84,
2026-10-07,A062401,NCT07605416,Active,0,74,
2026-10-08,A062401,NCT07605416,Active,0,74,
2026-10-09,A062401,NCT07605416,Active,0,74,
2026-10-07,A071401,NCT02523014,Active,102,124,540
2026-10-08,A071401,NCT02523014,Active,102,124,540
2026-10-09,A071401,NCT02523014,Active,102,124,540
2026-10-07,A072201,NCT06325683,Temporarily Closed to Accrual,117,184,
2026-10-08,A072201,NCT06325683,Temporarily Closed to Accrual,117,184,
2026-10-09,A072201,NCT06325683,Temporarily Closed to Accrual,117,184,
2026-10-07,A072301,NCT07215910,Active,1,408,7
2026-10-08,A072301,NCT07215910,Active,1,408,7
2026-10-09,A072301,NCT07215910,Active,1,408,8
2026-10-07,A081801,NCT04267848,Active,917,1210,
2026-10-08,A081801,NCT04267848,Active,918,1210,
2026-10-09,A081801,NCT04267848,Active,918,1210,
2026-10-07,A082101,NCT05647265,Active,11,26,
2026-10-08,A082101,NCT05647265,Active,11,26,
2026-10-09,A082101,NCT05647265,Active,11,26,
2026-10-07,A082302,NCT07388524,Active,0,336,
2026-10-08,A082302,NCT07388524,Active,0,336,
2026-10-09,A082302,NCT07388524,Active,0,336,
2026-10-07,A082402,NCT07293247,Active,0,164,
2026-10-08,A082402,NCT07293247,Active,0,164,
2026-10-09,A082402,NCT07293247,Active,0,164,
2026-10-07,A092001,NCT05001880,Active,64,66,
2026-10-08,A092001,NCT05001880,Active,64,66,
2026-10-09,A092001,NCT05001880,Active,64,66,
2026-10-07,A092105,NCT05904080,Temporarily Closed to Accrual,31,50,
2026-10-08,A092105,NCT05904080,Temporarily Closed to Accrual,31,50,
2026-10-09,A092105,NCT05904080,Temporarily Closed to Accrual,31,50,
2026-10-07,A092204,NCT06900595,Active,13,48,
2026-10-08,A092204,NCT06900595,Active,13,48,
2026-10-09,A092204,NCT06900595,Active,13,48,
2026-10-07,A092205,NCT06589804,Active,31,158,
2026-10-08,A092205,NCT06589804,Active,31,158,
2026-10-09,A092205,NCT06589804,Active,31,158,
2026-10-07,A151804,NCT04242095,Active,511,360,
2026-10-08,A151804,NCT04242095,Active,511,360,
2026-10-09,A151804,NCT04242095,Active,511,360,
2026-10-07,A211901,NCT05008848,Active,373,429,
2026-10-08,A211901,NCT05008848,Active,373,429,
2026-10-09,A211901,NCT05008848,Active,373,429,
2026-10-07,A212101,NCT07143487,Active,4,4186,40
2026-10-08,A212101,NCT07143487,Active,4,4186,40
2026-10-09,A212101,NCT07143487,Active,4,4186,40
2026-10-07,A212102,NCT05334069,Active,,,
2026-10-08,A212102,NCT05334069,Active,,,
2026-10-09,A212102,NCT05334069,Active,,,
2026-10-07,A221801,NCT05379153,Active,32,250,
2026-10-08,A221801,NCT05379153,Active,32,250,
2026-10-09,A221801,NCT05379153,Active,32,250,
2026-10-07,A222301,NCT06992427,Active,26,228,
2026-10-08,A222301,NCT06992427,Active,26,228,
2026-10-09,A222301,NCT06992427,Active,26,228,
2026-10-07,A232301CD,NCT07091617,Active,18,465,
2026-10-08,A232301CD,NCT07091617,Active,19,465,
2026-10-09,A232301CD,NCT07091617,Active,19,465,
2026-10-07,A232402CD,NCT07283939,Active,143,420,
2026-10-08,A232402CD,NCT07283939,Active,143,420,
2026-10-09,A232402CD,NCT07283939,Active,143,420,
2026-10-07,AALL1821,NCT04546399,Active,196,461,
2026-10-08,AALL1821,NCT04546399,Active,196,461,
2026-10-09,AALL1821,NCT04546399,Active,198,461,
2026-10-07,AALL2121,NCT05761171,Temporarily Closed to Accrual,14,36,
2026-10-08,AALL2121,NCT05761171,Temporarily Closed to Accrual,14,36,
2026-10-09,AALL2121,NCT05761171,Temporarily Closed to Accrual,14,36,
2026-10-07,AALL2131,NCT06124157,Active,89,222,
2026-10-08,AALL2131,NCT06124157,Active,89,222,
2026-10-09,AALL2131,NCT06124157,Active,89,222,
2026-10-07,AALL2321,NCT06317662,Active,46,153,
2026-10-08,AALL2321,NCT06317662,Active,46,153,
2026-10-09,AALL2321,NCT06317662,Active,47,153,
2026-10-07,ACNS2021,NCT04684368,Active,84,160,
2026-10-08,ACNS2021,NCT04684368,Active,84,160,
2026-10-09,ACNS2021,NCT04684368,Active,84,160,
2026-10-07,ACNS2321,NCT06368817,Active,85,240,
2026-10-08,ACNS2321,NCT06368817,Active,86,240,
2026-10-09,ACNS2321,NCT06368817,Active,86,240,
2026-10-07,AGCT1531,NCT03067181,Active,1209,1780,
2026-10-08,AGCT1531,NCT03067181,Active,1209,1780,
2026-10-09,AGCT1531,NCT03067181,Active,1209,1780,
2026-10-07,AGCT1532,NCT02582697,Active,210,250,
2026-10-08,AGCT1532,NCT02582697,Active,210,250,
2026-10-09,AGCT1532,NCT02582697,Active,210,250,
2026-10-07,AHOD2131,NCT05675410,Active,995,1875,
2026-10-08,AHOD2131,NCT05675410,Active,996,1875,
2026-10-09,AHOD2131,NCT05675410,Active,997,1875,
2026-10-07,ALTE2131,NCT06513962,Active,26,60,
2026-10-08,ALTE2131,NCT06513962,Active,26,60,
2026-10-09,ALTE2131,NCT06513962,Active,26,60,
2026-10-07,AMC-112,NCT05077527,Active,1,20,2
2026-10-08,AMC-112,NCT05077527,Active,1,20,2
2026-10-09,AMC-112,NCT05077527,Active,1,20,2
2026-10-07,ANBL2131,NCT06172296,Active,365,478,
2026-10-08,ANBL2131,NCT06172296,Active,365,478,
2026-10-09,ANBL2131,NCT06172296,Active,365,478,
2026-10-07,ANBL2421,NCT07437963,Active,0,12,
2026-10-08,ANBL2421,NCT07437963,Active,0,12,
2026-10-09,ANBL2421,NCT07437963,Active,0,12,
2026-10-07,ANHL2121,NCT05828069,Active,33,48,
2026-10-08,ANHL2121,NCT05828069,Active,33,48,
2026-10-09,ANHL2121,NCT05828069,Active,33,48,
2026-10-07,AOST2031,NCT05235165,Active,37,250,
2026-10-08,AOST2031,NCT05235165,Active,37,250,
2026-10-09,AOST2031,NCT05235165,Active,37,250,
2026-10-07,AOST2032,NCT05691478,Temporarily Closed to Accrual,190,528,
2026-10-08,AOST2032,NCT05691478,Temporarily Closed to Accrual,190,528,
2026-10-09,AOST2032,NCT05691478,Temporarily Closed to Accrual,190,528,
2026-10-07,APEC14B1,NCT02402244,Active,,,
2026-10-08,APEC14B1,NCT02402244,Active,,,
2026-10-09,APEC14B1,NCT02402244,Active,,,
2026-10-07,ARAR2221,NCT06064097,Active,41,50,
2026-10-08,ARAR2221,NCT06064097,Active,41,50,
2026-10-09,ARAR2221,NCT06064097,Active,41,50,
2026-10-07,ARAR2331,NCT06647953,Active,28,110,
2026-10-08,ARAR2331,NCT06647953,Active,28,110,
2026-10-09,ARAR2331,NCT06647953,Active,29,110,
2026-10-07,AREN2231,NCT06401330,Active,201,1656,
2026-10-08,AREN2231,NCT06401330,Active,201,1656,
2026-10-09,AREN2231,NCT06401330,Active,202,1656,
2026-10-07,ARST2531,NCT07466316,Active,4,342,
2026-10-08,ARST2531,NCT07466316,Active,4,342,
2026-10-09,ARST2531,NCT07466316,Active,4,342,
2026-10-07,CCTG CE.7,NCT03550391,Active,175,206,
2026-10-08,CCTG CE.7,NCT03550391,Active,175,206,
2026-10-09,CCTG CE.7,NCT03550391,Active,175,206,
2026-10-07,CCTG-BR38,NCT06686771,Active,13,320,
2026-10-08,CCTG-BR38,NCT06686771,Active,13,320,
2026-10-09,CCTG-BR38,NCT06686771,Active,13,320,
2026-10-07,CCTG-CO32,NCT06205485,Active,59,250,
2026-10-08,CCTG-CO32,NCT06205485,Active,59,250,
2026-10-09,CCTG-CO32,NCT06205485,Active,60,250,
2026-10-07,CCTG-HN11,NCT05451004,Active,159,510,160
2026-10-08,CCTG-HN11,NCT05451004,Active,159,510,160
2026-10-09,CCTG-HN11,NCT05451004,Active,159,510,160
2026-10-07,CCTG-NE1,NCT05773274,Active,60,100,
2026-10-08,CCTG-NE1,NCT05773274,Active,61,100,
2026-10-09,CCTG-NE1,NCT05773274,Active,61,100,
2026-10-07,CCTG-PR24,NCT06235697,Active,310,710,
2026-10-08,CCTG-PR24,NCT06235697,Active,310,710,
2026-10-09,CCTG-PR24,NCT06235697,Active,310,710,
2026-10-07,CCTG-PR26,NCT06592924,Active,35,830,
2026-10-08,CCTG-PR26,NCT06592924,Active,35,830,
2026-10-09,CCTG-PR26,NCT06592924,Active,36,830,
2026-10-07,CSRN1,NCT06995898,Active,9615,24000,
2026-10-08,CSRN1,NCT06995898,Active,9645,24000,
2026-10-09,CSRN1,NCT06995898,Active,9698,24000,
2026-10-07,DCP-001,,Active,,,
2026-10-08,DCP-001,,Active,,,
2026-10-09,DCP-001,,Active,,,
2026-10-07,EA1242,NCT07391774,Active,4,1978,4
2026-10-08,EA1242,NCT07391774,Active,4,1978,4
2026-10-09,EA1242,NCT07391774,Active,4,1978,4
2026-10-07,EA2174,NCT03604991,Temporarily Closed to Accrual,275,278,
2026-10-08,EA2174,NCT03604991,Temporarily Closed to Accrual,275,278,
2026-10-09,EA2174,NCT03604991,Temporarily Closed to Accrual,275,278,
2026-10-07,EA2185,NCT04239573,Active,580,750,
2026-10-08,EA2185,NCT04239573,Active,581,750,
2026-10-09,EA2185,NCT04239573,Active,582,750,
2026-10-07,EA2192,NCT04858334,Active,118,152,
2026-10-08,EA2192,NCT04858334,Active,118,152,
2026-10-09,EA2192,NCT04858334,Active,118,152,
2026-10-07,EA2222,NCT05863195,Active,111,408,
2026-10-08,EA2222,NCT05863195,Active,111,408,
2026-10-09,EA2222,NCT05863195,Active,111,408,
2026-10-07,EA2234,NCT07001748,Active,61,78,
2026-10-08,EA2234,NCT07001748,Active,61,78,
2026-10-09,EA2234,NCT07001748,Active,61,78,
2026-10-07,EA3132,NCT02734537,Active,151,189,
2026-10-08,EA3132,NCT02734537,Active,151,189,
2026-10-09,EA3132,NCT02734537,Active,151,189,
2026-10-07,EA3191,NCT04671667,Active,102,188,
2026-10-08,EA3191,NCT04671667,Active,102,188,
2026-10-09,EA3191,NCT04671667,Active,102,188,
2026-10-07,EA3231,NCT06475989,Active,13,264,
2026-10-08,EA3231,NCT06475989,Active,13,132,
2026-10-09,EA3231,NCT06475989,Active,13,132,
2026-10-07,EA4231,NCT06649812,Active,50,120,
2026-10-08,EA4231,NCT06649812,Active,50,120,
2026-10-09,EA4231,NCT06649812,Active,50,120,
2026-10-07,EA4232,NCT06724237,Active,12,294,
2026-10-08,EA4232,NCT06724237,Active,12,294,
2026-10-09,EA4232,NCT06724237,Active,12,294,
2026-10-07,EA5162,NCT03191149,Active,39,46,
2026-10-08,EA5162,NCT03191149,Active,39,46,
2026-10-09,EA5162,NCT03191149,Active,39,46,
2026-10-07,EA5182,NCT04181060,Active,275,300,
2026-10-08,EA5182,NCT04181060,Active,275,300,
2026-10-09,EA5182,NCT04181060,Active,275,300,
2026-10-07,EA5221,NCT06096844,Active,40,304,
2026-10-08,EA5221,NCT06096844,Active,40,304,
2026-10-09,EA5221,NCT06096844,Active,40,304,
2026-10-07,EA6232,NCT07040280,Active,5,120,
2026-10-08,EA6232,NCT07040280,Active,5,120,
2026-10-09,EA6232,NCT07040280,Active,5,120,
2026-10-07,EA6244,NCT07068074,Active,52,428,
2026-10-08,EA6244,NCT07068074,Active,53,428,
2026-10-09,EA6244,NCT07068074,Active,53,428,
2026-10-07,EA7211,NCT04031677,Active,25,150,
2026-10-08,EA7211,NCT04031677,Active,25,150,
2026-10-09,EA7211,NCT04031677,Active,25,150,
2026-10-07,EA7222,NCT06422806,Active,226,365,
2026-10-08,EA7222,NCT06422806,Active,226,365,
2026-10-09,EA7222,NCT06422806,Active,227,365,
2026-10-07,EA8191,NCT04423211,Active,510,549,
2026-10-08,EA8191,NCT04423211,Active,510,549,
2026-10-09,EA8191,NCT04423211,Active,510,549,
2026-10-07,EA8192,NCT04628767,Active,108,129,
2026-10-08,EA8192,NCT04628767,Active,108,129,
2026-10-09,EA8192,NCT04628767,Active,108,129,
2026-10-07,EA8231,NCT06524544,Active,40,320,
2026-10-08,EA8231,NCT06524544,Active,40,320,
2026-10-09,EA8231,NCT06524544,Active,40,320,
2026-10-07,EA9213,NCT05289687,Active,19,20,
2026-10-08,EA9213,NCT05289687,Active,19,20,
2026-10-09,EA9213,NCT05289687,Active,19,20,
2026-10-07,EAA173,NCT03937635,Active,266,288,
2026-10-08,EAA173,NCT03937635,Active,266,288,
2026-10-09,EAA173,NCT03937635,Active,267,288,
2026-10-07,EAA181,NCT04566328,Active,311,542,467
2026-10-08,EAA181,NCT04566328,Active,311,542,467
2026-10-09,EAA181,NCT04566328,Active,311,542,467
2026-10-07,EAA232,NCT06948084,Active,0,80,
2026-10-08,EAA232,NCT06948084,Active,0,80,
2026-10-09,EAA232,NCT06948084,Active,0,80,
2026-10-07,EAA241,NCT07085728,Active,4,74,
2026-10-08,EAA241,NCT07085728,Active,4,74,
2026-10-09,EAA241,NCT07085728,Active,4,74,
2026-10-07,EAA242,NCT07463807,Active,0,12,
2026-10-08,EAA242,NCT07463807,Active,0,12,
2026-10-09,EAA242,NCT07463807,Active,0,12,
2026-10-07,EAF223,NCT06319027,Active,31,440,
2026-10-08,EAF223,NCT06319027,Active,31,440,
2026-10-09,EAF223,NCT06319027,Active,31,440,
2026-10-07,EAQ222CD,NCT06295367,Active,754,720,
2026-10-08,EAQ222CD,NCT06295367,Active,754,720,
2026-10-09,EAQ222CD,NCT06295367,Active,754,720,
2026-10-07,EAQ223,NCT06756607,Active,536,750,
2026-10-08,EAQ223,NCT06756607,Active,536,750,
2026-10-09,EAQ223,NCT06756607,Active,538,750,
2026-10-07,EAY191,NCT05564377,Active,,,639
2026-10-08,EAY191,NCT05564377,Active,,,639
2026-10-09,EAY191,NCT05564377,Active,,,640
2026-10-07,EAY191-N5,NCT06126276,Active,58,70,
2026-10-08,EAY191-N5,NCT06126276,Active,58,70,
2026-10-09,EAY191-N5,NCT06126276,Active,58,70,
2026-10-07,LUNGMAP,NCT03851445,Active,,,4140
2026-10-08,LUNGMAP,NCT03851445,Active,,,4140
2026-10-09,LUNGMAP,NCT03851445,Active,,,4143
2026-10-07,MM1MDS-A01,NCT06577441,Active,12,54,
2026-10-08,MM1MDS-A01,NCT06577441,Active,12,54,
2026-10-09,MM1MDS-A01,NCT06577441,Active,12,54,
2026-10-07,MM1OA-EA02,NCT06317649,Active,79,147,
2026-10-08,MM1OA-EA02,NCT06317649,Active,79,147,
2026-10-09,MM1OA-EA02,NCT06317649,Active,79,147,
2026-10-07,MM1OA-S03,NCT06672146,Active,29,93,
2026-10-08,MM1OA-S03,NCT06672146,Active,29,93,
2026-10-09,MM1OA-S03,NCT06672146,Active,29,93,
2026-10-07,MM1OA-S04,NCT07437950,Active,1,126,
2026-10-08,MM1OA-S04,NCT07437950,Active,1,126,
2026-10-09,MM1OA-S04,NCT07437950,Active,1,126,
2026-10-07,MM1YA-A04,NCT06917911,Active,2,162,
2026-10-08,MM1YA-A04,NCT06917911,Active,2,162,
2026-10-09,MM1YA-A04,NCT06917911,Active,2,162,
2026-10-07,MM1YA-CTG01,NCT05554393,Active,38,153,
2026-10-08,MM1YA-CTG01,NCT05554393,Active,38,153,
2026-10-09,MM1YA-CTG01,NCT05554393,Active,38,153,
2026-10-07,MM1YA-S01,NCT05554406,Active,91,335,
2026-10-08,MM1YA-S01,NCT05554406,Active,92,335,
2026-10-09,MM1YA-S01,NCT05554406,Active,92,335,
2026-10-07,MYELOMATCH,NCT05564390,Active,,,1341
2026-10-08,MYELOMATCH,NCT05564390,Active,,,1341
2026-10-09,MYELOMATCH,NCT05564390,Active,,,1343
2026-10-07,NRG-BN014,NCT06500481,Active,75,115,
2026-10-08,NRG-BN014,NCT06500481,Active,75,115,
2026-10-09,NRG-BN014,NCT06500481,Active,75,115,
2026-10-07,NRG-BR009,NCT05879926,Active,737,3960,811
2026-10-08,NRG-BR009,NCT05879926,Active,737,3960,811
2026-10-09,NRG-BR009,NCT05879926,Active,737,3960,811
2026-10-07,NRG-CC005,NCT05080673,Active,5262,9500,
2026-10-08,NRG-CC005,NCT05080673,Active,5265,9500,
2026-10-09,NRG-CC005,NCT05080673,Active,5272,9500,
2026-10-07,NRG-CC008,NCT04251052,Active,1183,1956,
2026-10-08,NRG-CC008,NCT04251052,Active,1184,1956,
2026-10-09,NRG-CC008,NCT04251052,Active,1185,1956,
2026-10-07,NRG-CC010,NCT05646316,Active,365,428,
2026-10-08,NRG-CC010,NCT05646316,Active,365,428,
2026-10-09,NRG-CC010,NCT05646316,Active,365,428,
2026-10-07,NRG-CC012CD,NCT06279013,Active,440,516,
2026-10-08,NRG-CC012CD,NCT06279013,Active,440,516,
2026-10-09,NRG-CC012CD,NCT06279013,Active,442,516,
2026-10-07,NRG-CC015,NCT06748222,Active,262,402,
2026-10-08,NRG-CC015,NCT06748222,Active,262,402,
2026-10-09,NRG-CC015,NCT06748222,Active,262,402,
2026-10-07,NRG-CC017,NCT07452458,Active,6,398,14
2026-10-08,NRG-CC017,NCT07452458,Active,6,398,14
2026-10-09,NRG-CC017,NCT07452458,Active,6,398,14
2026-10-07,NRG-GI008,NCT05174169,Active,1468,1912,
2026-10-08,NRG-GI008,NCT05174169,Active,1468,1912,
2026-10-09,NRG-GI008,NCT05174169,Active,1469,1912,
2026-10-07,NRG-GI011,NCT06958328,Active,42,356,
2026-10-08,NRG-GI011,NCT06958328,Active,43,356,
2026-10-09,NRG-GI011,NCT06958328,Active,43,356,
2026-10-07,NRG-GI012,NCT07166406,Active,12,226,12
2026-10-08,NRG-GI012,NCT07166406,Active,12,226,12
2026-10-09,NRG-GI012,NCT07166406,Active,14,226,14
2026-10-07,NRG-GU012,NCT05327686,Active,164,240,
2026-10-08,NRG-GU012,NCT05327686,Active,164,240,
2026-10-09,NRG-GU012,NCT05327686,Active,164,240,
2026-10-07,NRG-GU013,NCT05946213,Active,1193,1500,
2026-10-08,NRG-GU013,NCT05946213,Active,1196,1500,
2026-10-09,NRG-GU013,NCT05946213,Active,1197,1500,
2026-10-07,NRG-GU014,NCT06770582,Active,22,160,
2026-10-08,NRG-GU014,NCT06770582,Active,22,160,
2026-10-09,NRG-GU014,NCT06770582,Active,22,160,
2026-10-07,NRG-GU015,NCT07097142,Active,94,486,
2026-10-08,NRG-GU015,NCT07097142,Active,94,486,
2026-10-09,NRG-GU015,NCT07097142,Active,96,486,
2026-10-07,NRG-GY025,NCT05112601,Active,59,81,
2026-10-08,NRG-GY025,NCT05112601,Active,60,81,
2026-10-09,NRG-GY025,NCT05112601,Active,61,81,
2026-10-07,NRG-GY032,NCT05640999,Active,77,395,
2026-10-08,NRG-GY032,NCT05640999,Active,77,395,
2026-10-09,NRG-GY032,NCT05640999,Active,77,395,
2026-10-07,NRG-GY035,NCT07198074,Active,52,255,
2026-10-08,NRG-GY035,NCT07198074,Active,52,255,
2026-10-09,NRG-GY035,NCT07198074,Active,52,255,
2026-10-07,NRG-GY036,NCT06580314,Active,363,880,
2026-10-08,NRG-GY036,NCT06580314,Active,364,880,
2026-10-09,NRG-GY036,NCT06580314,Active,365,880,
2026-10-07,NRG-GY037,NCT07061977,Active,99,336,
2026-10-08,NRG-GY037,NCT07061977,Active,100,336,
2026-10-09,NRG-GY037,NCT07061977,Active,101,336,
2026-10-07,NRG-GY038,NCT07504588,Active,1,87,
2026-10-08,NRG-GY038,NCT07504588,Active,1,87,
2026-10-09,NRG-GY038,NCT07504588,Active,1,87,
2026-10-07,NRG-HN006,NCT04333537,Active,308,618,399
2026-10-08,NRG-HN006,NCT04333537,Active,308,618,399
2026-10-09,NRG-HN006,NCT04333537,Active,308,618,399
2026-10-07,NRG-HN010,NCT05408845,Active,61,146,
2026-10-08,NRG-HN010,NCT05408845,Active,61,146,
2026-10-09,NRG-HN010,NCT05408845,Active,61,146,
2026-10-07,NRG-HN011,NCT06029270,Active,45,156,
2026-10-08,NRG-HN011,NCT06029270,Active,45,156,
2026-10-09,NRG-HN011,NCT06029270,Active,45,156,
2026-10-07,NRG-HN014,NCT06568172,Temporarily Closed to Accrual,149,420,
2026-10-08,NRG-HN014,NCT06568172,Temporarily Closed to Accrual,149,420,
2026-10-09,NRG-HN014,NCT06568172,Temporarily Closed to Accrual,149,420,
2026-10-07,NRG-HN015,NCT07195734,Active,4,180,
2026-10-08,NRG-HN015,NCT07195734,Active,4,180,
2026-10-09,NRG-HN015,NCT07195734,Active,4,180,
2026-10-07,NRG-HN016,NCT07441681,Active,4,454,
2026-10-08,NRG-HN016,NCT07441681,Active,4,454,
2026-10-09,NRG-HN016,NCT07441681,Active,4,454,
2026-10-07,NRG-LU007,NCT04402788,Temporarily Closed to Accrual,138,138,
2026-10-08,NRG-LU007,NCT04402788,Temporarily Closed to Accrual,138,138,
2026-10-09,NRG-LU007,NCT04402788,Temporarily Closed to Accrual,138,138,
2026-10-07,NRG-LU008,NCT05624996,Active,284,474,
2026-10-08,NRG-LU008,NCT05624996,Active,284,474,
2026-10-09,NRG-LU008,NCT05624996,Active,284,474,
2026-10-07,PBTC-060,NCT04978727,Temporarily Closed to Accrual,24,35,
2026-10-08,PBTC-060,NCT04978727,Temporarily Closed to Accrual,24,35,
2026-10-09,PBTC-060,NCT04978727,Temporarily Closed to Accrual,24,35,
2026-10-07,PED-CITN-02,NCT04539366,Temporarily Closed to Accrual,8,73,
2026-10-08,PED-CITN-02,NCT04539366,Temporarily Closed to Accrual,8,73,
2026-10-09,PED-CITN-02,NCT04539366,Temporarily Closed to Accrual,8,73,
2026-10-07,PEPN2111,NCT04870944,Active,27,38,
2026-10-08,PEPN2111,NCT04870944,Active,27,38,
2026-10-09,PEPN2111,NCT04870944,Active,27,38,
2026-10-07,PEPN2411,NCT06620302,Temporarily Closed to Accrual,13,32,
2026-10-08,PEPN2411,NCT06620302,Temporarily Closed to Accrual,13,32,
2026-10-09,PEPN2411,NCT06620302,Temporarily Closed to Accrual,13,32,
2026-10-07,PEPN2413,NCT07012044,Active,,,3
2026-10-08,PEPN2413,NCT07012044,Active,,,3
2026-10-09,PEPN2413,NCT07012044,Active,,,3
2026-10-07,PEPN2415,NCT06894979,Temporarily Closed to Accrual,10,54,
2026-10-08,PEPN2415,NCT06894979,Temporarily Closed to Accrual,10,54,
2026-10-09,PEPN2415,NCT06894979,Temporarily Closed to Accrual,10,54,
2026-10-07,RTOG-1216,NCT01810913,Temporarily Closed to Accrual,513,684,548
2026-10-08,RTOG-1216,NCT01810913,Temporarily Closed to Accrual,513,684,548
2026-10-09,RTOG-1216,NCT01810913,Temporarily Closed to Accrual,513,684,548
2026-10-07,S1501,NCT03418961,Active,402,491,431
2026-10-08,S1501,NCT03418961,Active,402,491,431
2026-10-09,S1501,NCT03418961,Active,402,491,431
2026-10-07,S1800E,NCT06616584,Active,143,378,
2026-10-08,S1800E,NCT06616584,Active,143,378,
2026-10-09,S1800E,NCT06616584,Active,143,378,
2026-10-07,S1802,NCT03678025,Active,1058,1273,
2026-10-08,S1802,NCT03678025,Active,1058,1273,
2026-10-09,S1802,NCT03678025,Active,1058,1273,
2026-10-07,S1900G,NCT05642572,Active,28,44,
2026-10-08,S1900G,NCT05642572,Active,28,44,
2026-10-09,S1900G,NCT05642572,Active,28,44,
2026-10-07,S1900J,NCT06116682,Active,4,88,
2026-10-08,S1900J,NCT06116682,Active,4,88,
2026-10-09,S1900J,NCT06116682,Active,4,88,
2026-10-07,S1900K,NCT06031688,Active,31,56,
2026-10-08,S1900K,NCT06031688,Active,31,56,
2026-10-09,S1900K,NCT06031688,Active,31,56,
2026-10-07,S1900N,NCT07393555,Active,1,117,
2026-10-08,S1900N,NCT07393555,Active,1,117,
2026-10-09,S1900N,NCT07393555,Active,1,117,
2026-10-07,S1925,NCT04269902,Active,211,247,
2026-10-08,S1925,NCT04269902,Active,211,247,
2026-10-09,S1925,NCT04269902,Active,211,247,
2026-10-07,S1931,NCT04510597,Active,247,364,
2026-10-08,S1931,NCT04510597,Active,247,364,
2026-10-09,S1931,NCT04510597,Active,247,364,
2026-10-07,S2005,NCT04840602,Active,45,92,
2026-10-08,S2005,NCT04840602,Active,45,92,
2026-10-09,S2005,NCT04840602,Active,45,92,
2026-10-07,S2012,NCT05058651,Active,169,189,
2026-10-08,S2012,NCT05058651,Active,169,189,
2026-10-09,S2012,NCT05058651,Active,169,189,
2026-10-07,S2013,NCT04871542,Active,,,
2026-10-08,S2013,NCT04871542,Active,,,
2026-10-09,S2013,NCT04871542,Active,,,
2026-10-07,S2101,NCT05136196,Active,109,150,167
2026-10-08,S2101,NCT05136196,Active,109,150,168
2026-10-09,S2101,NCT05136196,Active,110,150,168
2026-10-07,S2104,NCT05040360,Active,110,154,
2026-10-08,S2104,NCT05040360,Active,110,154,
2026-10-09,S2104,NCT05040360,Active,110,154,
2026-10-07,S2114,NCT05633615,Active,254,396,
2026-10-08,S2114,NCT05633615,Active,254,396,
2026-10-09,S2114,NCT05633615,Active,255,396,
2026-10-07,S2205,NCT05642611,Active,685,777,
2026-10-08,S2205,NCT05642611,Active,685,777,
2026-10-09,S2205,NCT05642611,Active,685,777,
2026-10-07,S2206,NCT06058377,Active,420,960,1233
2026-10-08,S2206,NCT06058377,Active,420,960,1234
2026-10-09,S2206,NCT06058377,Active,420,960,1237
2026-10-07,S2207,NCT05890352,Active,42,173,
2026-10-08,S2207,NCT05890352,Active,42,173,
2026-10-09,S2207,NCT05890352,Active,42,173,
2026-10-07,S2209,NCT05561387,Active,148,510,
2026-10-08,S2209,NCT05561387,Active,148,510,
2026-10-09,S2209,NCT05561387,Active,148,510,
2026-10-07,S2210,NCT05806515,Active,6,44,
2026-10-08,S2210,NCT05806515,Active,6,44,
2026-10-09,S2210,NCT05806515,Active,6,44,
2026-10-07,S2212,NCT05929768,Active,1724,2400,
2026-10-08,S2212,NCT05929768,Active,1727,2400,
2026-10-09,S2212,NCT05929768,Active,1732,2400,
2026-10-07,S2213,NCT06022939,Active,52,142,
2026-10-08,S2213,NCT06022939,Active,52,142,
2026-10-09,S2213,NCT06022939,Active,53,142,
2026-10-07,S2303,NCT06203600,Active,121,224,
2026-10-08,S2303,NCT06203600,Active,121,224,
2026-10-09,S2303,NCT06203600,Active,121,224,
2026-10-07,S2308,NCT06337318,Active,434,600,
2026-10-08,S2308,NCT06337318,Active,437,600,
2026-10-09,S2308,NCT06337318,Active,439,600,
2026-10-07,S2312,NCT06470243,Active,73,500,
2026-10-08,S2312,NCT06470243,Active,73,500,
2026-10-09,S2312,NCT06470243,Active,73,500,
2026-10-07,S2408,NCT06807437,Temporarily Closed to Accrual &Treatment,63,274,
2026-10-08,S2408,NCT06807437,Temporarily Closed to Accrual &Treatment,63,274,
2026-10-09,S2408,NCT06807437,Temporarily Closed to Accrual &Treatment,63,274,
2026-10-07,S2409,NCT06769126,Active,18,292,66
2026-10-08,S2409,NCT06769126,Active,18,292,66
2026-10-09,S2409,NCT06769126,Active,18,292,66
2026-10-07,S2414,NCT06498635,Active,14,306,
2026-10-08,S2414,NCT06498635,Active,14,306,
2026-10-09,S2414,NCT06498635,Active,14,306,
2026-10-07,S2417CD,NCT07018869,Active,136,654,
2026-10-08,S2417CD,NCT07018869,Active,136,654,
2026-10-09,S2417CD,NCT07018869,Active,136,654,
2026-10-07,S2419,NCT07383441,Active,36,718,
2026-10-08,S2419,NCT07383441,Active,36,718,
2026-10-09,S2419,NCT07383441,Active,36,718,
2026-10-07,S2424CD,NCT07278739,Active,5,1000,
2026-10-08,S2424CD,NCT07278739,Active,5,1000,
2026-10-09,S2424CD,NCT07278739,Active,5,1000,
2026-10-07,S2427,NCT07061964,Active,54,111,
2026-10-08,S2427,NCT07061964,Active,55,111,
2026-10-09,S2427,NCT07061964,Active,55,111,
2026-10-07,S2433,NCT06998940,Active,1,94,
2026-10-08,S2433,NCT06998940,Active,1,94,
2026-10-09,S2433,NCT06998940,Active,1,94,
2026-10-07,S2504,NCT07220187,Active,1,102,
2026-10-08,S2504,NCT07220187,Active,1,102,
2026-10-09,S2504,NCT07220187,Active,1,102,
2026-10-07,S2505,NCT07615049,Active,0,296,
2026-10-08,S2505,NCT07615049,Active,0,296,
2026-10-09,S2505,NCT07615049,Active,0,296,
2026-10-07,S2506,NCT07638722,Active,1,138,
2026-10-08,S2506,NCT07638722,Active,1,138,
2026-10-09,S2506,NCT07638722,Active,1,138,
2026-10-07,S2507,NCT07636564,Active,0,90,
2026-10-08,S2507,NCT07636564,Active,0,90,
2026-10-09,S2507,NCT07636564,Active,0,90,
2026-10-07,S2511,NCT07578116,Active,0,562,
2026-10-08,S2511,NCT07578116,Active,0,562,
2026-10-09,S2511,NCT07578116,Active,0,562,
2026-10-07,SN2426,NCT07042295,Active,11,86,
2026-10-08,SN2426,NCT07042295,Active,11,86,
2026-10-09,SN2426,NCT07042295,Active,11,86,
2026-10-07,WF-1806,NCT03998202,Active,272,0,
2026-10-08,WF-1806,NCT03998202,Active,272,0,
2026-10-09,WF-1806,NCT03998202,Active,272,0,
2026-10-07,WF2304-A172401,NCT06418204,Active,,,
2026-10-08,WF2304-A172401,NCT06418204,Active,,,
2026-10-09,WF2304-A172401,NCT06418204,Active,,,
